{"0":{"Alg":1,"Trip":1,"Maze":"test_maze_01b.txt","Run1":116,"Run2":20,"Score":23.87,"Coverage":73.6111111111},"1":{"Alg":1,"Trip":2,"Maze":"test_maze_01b.txt","Run1":87,"Run2":19,"Score":21.9,"Coverage":54.1666666667},"2":{"Alg":1,"Trip":3,"Maze":"test_maze_01b.txt","Run1":192,"Run2":19,"Score":25.4,"Coverage":99.3055555556},"3":{"Alg":1,"Trip":4,"Maze":"test_maze_01b.txt","Run1":163,"Run2":20,"Score":25.43,"Coverage":92.3611111111},"4":{"Alg":1,"Trip":5,"Maze":"test_maze_01b.txt","Run1":145,"Run2":19,"Score":23.83,"Coverage":88.8888888889},"5":{"Alg":1,"Trip":6,"Maze":"test_maze_01b.txt","Run1":188,"Run2":19,"Score":25.27,"Coverage":99.3055555556},"6":{"Alg":1,"Trip":7,"Maze":"test_maze_01b.txt","Run1":127,"Run2":19,"Score":23.23,"Coverage":75.0},"7":{"Alg":1,"Trip":8,"Maze":"test_maze_01b.txt","Run1":149,"Run2":23,"Score":27.97,"Coverage":86.1111111111},"8":{"Alg":1,"Trip":10,"Maze":"test_maze_01b.txt","Run1":182,"Run2":19,"Score":25.07,"Coverage":98.6111111111},"9":{"Alg":1,"Trip":11,"Maze":"test_maze_01b.txt","Run1":144,"Run2":23,"Score":27.8,"Coverage":76.3888888889},"10":{"Alg":1,"Trip":12,"Maze":"test_maze_01b.txt","Run1":112,"Run2":20,"Score":23.73,"Coverage":69.4444444444},"11":{"Alg":1,"Trip":13,"Maze":"test_maze_01b.txt","Run1":149,"Run2":19,"Score":23.97,"Coverage":89.5833333333},"12":{"Alg":1,"Trip":15,"Maze":"test_maze_01b.txt","Run1":67,"Run2":19,"Score":21.23,"Coverage":45.1388888889},"13":{"Alg":1,"Trip":16,"Maze":"test_maze_01b.txt","Run1":182,"Run2":19,"Score":25.07,"Coverage":97.2222222222},"14":{"Alg":1,"Trip":17,"Maze":"test_maze_01b.txt","Run1":178,"Run2":19,"Score":24.93,"Coverage":96.5277777778},"15":{"Alg":1,"Trip":18,"Maze":"test_maze_01b.txt","Run1":137,"Run2":20,"Score":24.57,"Coverage":79.8611111111},"16":{"Alg":1,"Trip":19,"Maze":"test_maze_01b.txt","Run1":70,"Run2":19,"Score":21.33,"Coverage":44.4444444444},"17":{"Alg":1,"Trip":20,"Maze":"test_maze_01b.txt","Run1":46,"Run2":19,"Score":20.53,"Coverage":30.5555555556},"18":{"Alg":1,"Trip":21,"Maze":"test_maze_01b.txt","Run1":118,"Run2":19,"Score":22.93,"Coverage":70.8333333333},"19":{"Alg":1,"Trip":22,"Maze":"test_maze_01b.txt","Run1":84,"Run2":20,"Score":22.8,"Coverage":54.8611111111},"20":{"Alg":1,"Trip":23,"Maze":"test_maze_01b.txt","Run1":198,"Run2":19,"Score":25.6,"Coverage":97.2222222222},"21":{"Alg":1,"Trip":24,"Maze":"test_maze_01b.txt","Run1":134,"Run2":20,"Score":24.47,"Coverage":78.4722222222},"22":{"Alg":1,"Trip":25,"Maze":"test_maze_01b.txt","Run1":191,"Run2":19,"Score":25.37,"Coverage":97.2222222222},"23":{"Alg":1,"Trip":26,"Maze":"test_maze_01b.txt","Run1":137,"Run2":19,"Score":23.57,"Coverage":86.8055555556},"24":{"Alg":1,"Trip":27,"Maze":"test_maze_01b.txt","Run1":175,"Run2":20,"Score":25.83,"Coverage":95.1388888889},"25":{"Alg":1,"Trip":28,"Maze":"test_maze_01b.txt","Run1":178,"Run2":19,"Score":24.93,"Coverage":96.5277777778},"26":{"Alg":1,"Trip":29,"Maze":"test_maze_01b.txt","Run1":156,"Run2":20,"Score":25.2,"Coverage":89.5833333333},"27":{"Alg":1,"Trip":30,"Maze":"test_maze_01b.txt","Run1":63,"Run2":21,"Score":23.1,"Coverage":42.3611111111},"28":{"Alg":1,"Trip":31,"Maze":"test_maze_01b.txt","Run1":138,"Run2":19,"Score":23.6,"Coverage":85.4166666667},"29":{"Alg":1,"Trip":32,"Maze":"test_maze_01b.txt","Run1":94,"Run2":19,"Score":22.13,"Coverage":60.4166666667},"30":{"Alg":1,"Trip":33,"Maze":"test_maze_01b.txt","Run1":159,"Run2":19,"Score":24.3,"Coverage":89.5833333333},"31":{"Alg":1,"Trip":34,"Maze":"test_maze_01b.txt","Run1":124,"Run2":20,"Score":24.13,"Coverage":75.0},"32":{"Alg":1,"Trip":35,"Maze":"test_maze_01b.txt","Run1":163,"Run2":19,"Score":24.43,"Coverage":90.9722222222},"33":{"Alg":1,"Trip":36,"Maze":"test_maze_01b.txt","Run1":54,"Run2":23,"Score":24.8,"Coverage":37.5},"34":{"Alg":1,"Trip":38,"Maze":"test_maze_01b.txt","Run1":160,"Run2":19,"Score":24.33,"Coverage":93.75},"35":{"Alg":1,"Trip":39,"Maze":"test_maze_01b.txt","Run1":114,"Run2":19,"Score":22.8,"Coverage":70.8333333333},"36":{"Alg":1,"Trip":40,"Maze":"test_maze_01b.txt","Run1":60,"Run2":19,"Score":21.0,"Coverage":39.5833333333},"37":{"Alg":1,"Trip":41,"Maze":"test_maze_01b.txt","Run1":176,"Run2":19,"Score":24.87,"Coverage":93.0555555556},"38":{"Alg":1,"Trip":42,"Maze":"test_maze_01b.txt","Run1":64,"Run2":19,"Score":21.13,"Coverage":42.3611111111},"39":{"Alg":1,"Trip":43,"Maze":"test_maze_01b.txt","Run1":135,"Run2":19,"Score":23.5,"Coverage":81.9444444444},"40":{"Alg":1,"Trip":44,"Maze":"test_maze_01b.txt","Run1":130,"Run2":23,"Score":27.33,"Coverage":75.6944444444},"41":{"Alg":1,"Trip":45,"Maze":"test_maze_01b.txt","Run1":72,"Run2":23,"Score":25.4,"Coverage":47.2222222222},"42":{"Alg":1,"Trip":46,"Maze":"test_maze_01b.txt","Run1":112,"Run2":19,"Score":22.73,"Coverage":72.2222222222},"43":{"Alg":1,"Trip":47,"Maze":"test_maze_01b.txt","Run1":197,"Run2":19,"Score":25.57,"Coverage":97.2222222222},"44":{"Alg":1,"Trip":48,"Maze":"test_maze_01b.txt","Run1":55,"Run2":19,"Score":20.83,"Coverage":38.8888888889},"45":{"Alg":1,"Trip":49,"Maze":"test_maze_01b.txt","Run1":111,"Run2":19,"Score":22.7,"Coverage":68.0555555556},"46":{"Alg":1,"Trip":50,"Maze":"test_maze_01b.txt","Run1":121,"Run2":20,"Score":24.03,"Coverage":76.3888888889},"47":{"Alg":1,"Trip":51,"Maze":"test_maze_01b.txt","Run1":50,"Run2":20,"Score":21.67,"Coverage":34.7222222222},"48":{"Alg":1,"Trip":52,"Maze":"test_maze_01b.txt","Run1":135,"Run2":19,"Score":23.5,"Coverage":83.3333333333},"49":{"Alg":1,"Trip":53,"Maze":"test_maze_01b.txt","Run1":41,"Run2":20,"Score":21.37,"Coverage":27.7777777778},"50":{"Alg":1,"Trip":54,"Maze":"test_maze_01b.txt","Run1":191,"Run2":19,"Score":25.37,"Coverage":100.0},"51":{"Alg":1,"Trip":55,"Maze":"test_maze_01b.txt","Run1":72,"Run2":23,"Score":25.4,"Coverage":47.9166666667},"52":{"Alg":1,"Trip":56,"Maze":"test_maze_01b.txt","Run1":49,"Run2":19,"Score":20.63,"Coverage":33.3333333333},"53":{"Alg":1,"Trip":57,"Maze":"test_maze_01b.txt","Run1":74,"Run2":19,"Score":21.47,"Coverage":48.6111111111},"54":{"Alg":1,"Trip":58,"Maze":"test_maze_01b.txt","Run1":101,"Run2":20,"Score":23.37,"Coverage":62.5},"55":{"Alg":1,"Trip":59,"Maze":"test_maze_01b.txt","Run1":55,"Run2":20,"Score":21.83,"Coverage":38.1944444444},"56":{"Alg":1,"Trip":60,"Maze":"test_maze_01b.txt","Run1":142,"Run2":23,"Score":27.73,"Coverage":79.8611111111},"57":{"Alg":1,"Trip":61,"Maze":"test_maze_01b.txt","Run1":198,"Run2":19,"Score":25.6,"Coverage":99.3055555556},"58":{"Alg":1,"Trip":62,"Maze":"test_maze_01b.txt","Run1":169,"Run2":19,"Score":24.63,"Coverage":95.1388888889},"59":{"Alg":1,"Trip":63,"Maze":"test_maze_01b.txt","Run1":82,"Run2":24,"Score":26.73,"Coverage":54.8611111111},"60":{"Alg":1,"Trip":64,"Maze":"test_maze_01b.txt","Run1":62,"Run2":23,"Score":25.07,"Coverage":43.0555555556},"61":{"Alg":1,"Trip":65,"Maze":"test_maze_01b.txt","Run1":52,"Run2":23,"Score":24.73,"Coverage":35.4166666667},"62":{"Alg":1,"Trip":66,"Maze":"test_maze_01b.txt","Run1":196,"Run2":19,"Score":25.53,"Coverage":99.3055555556},"63":{"Alg":1,"Trip":67,"Maze":"test_maze_01b.txt","Run1":146,"Run2":19,"Score":23.87,"Coverage":87.5},"64":{"Alg":1,"Trip":68,"Maze":"test_maze_01b.txt","Run1":80,"Run2":24,"Score":26.67,"Coverage":56.25},"65":{"Alg":1,"Trip":69,"Maze":"test_maze_01b.txt","Run1":173,"Run2":19,"Score":24.77,"Coverage":94.4444444444},"66":{"Alg":1,"Trip":70,"Maze":"test_maze_01b.txt","Run1":114,"Run2":21,"Score":24.8,"Coverage":68.75},"67":{"Alg":1,"Trip":71,"Maze":"test_maze_01b.txt","Run1":109,"Run2":20,"Score":23.63,"Coverage":68.0555555556},"68":{"Alg":1,"Trip":72,"Maze":"test_maze_01b.txt","Run1":142,"Run2":19,"Score":23.73,"Coverage":85.4166666667},"69":{"Alg":1,"Trip":73,"Maze":"test_maze_01b.txt","Run1":53,"Run2":23,"Score":24.77,"Coverage":37.5},"70":{"Alg":1,"Trip":74,"Maze":"test_maze_01b.txt","Run1":175,"Run2":19,"Score":24.83,"Coverage":97.2222222222},"71":{"Alg":1,"Trip":75,"Maze":"test_maze_01b.txt","Run1":150,"Run2":19,"Score":24.0,"Coverage":80.5555555556},"72":{"Alg":1,"Trip":76,"Maze":"test_maze_01b.txt","Run1":149,"Run2":19,